x-axis,1,3
second,Volt,Volt
+980.000E-06,-1.437500000E+00,+31.250000E-03
+982.000E-06,-1.437500000E+00,+31.250000E-03
+984.000E-06,-968.750000E-03,+31.250000E-03
+986.000E-06,-968.750000E-03,+187.500000E-03
+988.000E-06,-812.500000E-03,+31.250000E-03
+990.000E-06,-968.750000E-03,+31.250000E-03
+992.000E-06,-812.500000E-03,+187.500000E-03
+994.000E-06,-812.500000E-03,+187.500000E-03
+996.000E-06,-968.750000E-03,+31.250000E-03
+998.000E-06,-1.125000000E+00,+187.500000E-03
+1.000000E-03,-1.437500000E+00,-281.250000E-03
+1.002000E-03,-1.750000000E+00,+9.718750000E+00
+1.004000E-03,-1.593750000E+00,+9.875000000E+00
+1.006000E-03,-1.593750000E+00,+10.031250000E+00
+1.008000E-03,-1.593750000E+00,+9.718750000E+00
+1.010000E-03,-1.593750000E+00,+9.875000000E+00
+1.012000E-03,-1.281250000E+00,+9.875000000E+00
+1.014000E-03,-1.906250000E+00,+10.031250000E+00
+1.016000E-03,-2.062500000E+00,+9.875000000E+00
+1.018000E-03,-2.375000000E+00,+9.875000000E+00
+1.020000E-03,-2.375000000E+00,+10.656250000E+00
+1.022000E-03,-1.906250000E+00,+343.750000E-03
+1.024000E-03,-2.687500000E+00,+187.500000E-03
+1.026000E-03,-2.375000000E+00,+187.500000E-03
+1.028000E-03,-1.750000000E+00,+187.500000E-03
+1.030000E-03,-812.500000E-03,+187.500000E-03
+1.032000E-03,+1.062500000E+00,+187.500000E-03
+1.034000E-03,+1.843750000E+00,+187.500000E-03
+1.036000E-03,+3.250000000E+00,+187.500000E-03
+1.038000E-03,+4.343750000E+00,+187.500000E-03
+1.040000E-03,+3.875000000E+00,+31.250000E-03
+1.042000E-03,+3.250000000E+00,+31.250000E-03
+1.044000E-03,+2.937500000E+00,+187.500000E-03
+1.046000E-03,+750.000000E-03,+31.250000E-03
+1.048000E-03,-1.281250000E+00,+31.250000E-03
+1.050000E-03,-3.937500000E+00,+31.250000E-03
+1.052000E-03,-6.750000000E+00,+31.250000E-03
+1.054000E-03,-7.375000000E+00,+31.250000E-03
+1.056000E-03,-8.156250000E+00,+31.250000E-03
+1.058000E-03,-7.843750000E+00,+31.250000E-03
+1.060000E-03,-7.531250000E+00,+31.250000E-03
+1.062000E-03,-5.812500000E+00,+187.500000E-03
+1.064000E-03,-3.468750000E+00,+187.500000E-03
+1.066000E-03,-1.437500000E+00,+31.250000E-03
+1.068000E-03,+125.000000E-03,+31.250000E-03
+1.070000E-03,+2.156250000E+00,+187.500000E-03
+1.072000E-03,+4.031250000E+00,+187.500000E-03
+1.074000E-03,+4.031250000E+00,+31.250000E-03
+1.076000E-03,+3.562500000E+00,+187.500000E-03
+1.078000E-03,+2.468750000E+00,+31.250000E-03
+1.080000E-03,+1.218750000E+00,+31.250000E-03
+1.082000E-03,-187.500000E-03,+31.250000E-03
+1.084000E-03,-1.906250000E+00,+187.500000E-03
+1.086000E-03,-3.468750000E+00,+31.250000E-03
+1.088000E-03,-4.406250000E+00,+31.250000E-03
+1.090000E-03,-4.718750000E+00,+31.250000E-03
+1.092000E-03,-4.250000000E+00,+187.500000E-03
+1.094000E-03,-3.156250000E+00,+187.500000E-03
+1.096000E-03,-2.062500000E+00,+31.250000E-03
+1.098000E-03,-968.750000E-03,+187.500000E-03
+1.100000E-03,-187.500000E-03,+31.250000E-03
+1.102000E-03,+593.750000E-03,+187.500000E-03
+1.104000E-03,+1.375000000E+00,+187.500000E-03
+1.106000E-03,+1.062500000E+00,-125.000000E-03
+1.108000E-03,+281.250000E-03,+187.500000E-03
+1.110000E-03,-500.000000E-03,+31.250000E-03
+1.112000E-03,-1.906250000E+00,+187.500000E-03
+1.114000E-03,-2.843750000E+00,+31.250000E-03
+1.116000E-03,-3.781250000E+00,+187.500000E-03
+1.118000E-03,-4.093750000E+00,+31.250000E-03
+1.120000E-03,-4.406250000E+00,+187.500000E-03
+1.122000E-03,-3.781250000E+00,+31.250000E-03
+1.124000E-03,-2.843750000E+00,+187.500000E-03
+1.126000E-03,-1.750000000E+00,+31.250000E-03
+1.128000E-03,-968.750000E-03,+31.250000E-03
+1.130000E-03,-31.250000E-03,+31.250000E-03
+1.132000E-03,+593.750000E-03,+187.500000E-03
+1.134000E-03,+906.250000E-03,+187.500000E-03
+1.136000E-03,+1.218750000E+00,+31.250000E-03
+1.138000E-03,+1.062500000E+00,+187.500000E-03
+1.140000E-03,+437.500000E-03,+31.250000E-03
+1.142000E-03,-500.000000E-03,+31.250000E-03
+1.144000E-03,-1.281250000E+00,+187.500000E-03
+1.146000E-03,-2.062500000E+00,-125.000000E-03
+1.148000E-03,-2.531250000E+00,+187.500000E-03
+1.150000E-03,-2.531250000E+00,+187.500000E-03
+1.152000E-03,-2.843750000E+00,+31.250000E-03
+1.154000E-03,-2.375000000E+00,+31.250000E-03
+1.156000E-03,-1.906250000E+00,+187.500000E-03
+1.158000E-03,-1.437500000E+00,+187.500000E-03
+1.160000E-03,-656.250000E-03,+187.500000E-03
+1.162000E-03,-343.750000E-03,+31.250000E-03
+1.164000E-03,-31.250000E-03,+187.500000E-03
+1.166000E-03,-187.500000E-03,+187.500000E-03
+1.168000E-03,-656.250000E-03,+31.250000E-03
+1.170000E-03,-1.125000000E+00,+31.250000E-03
+1.172000E-03,-1.593750000E+00,+187.500000E-03
+1.174000E-03,-1.906250000E+00,+31.250000E-03
+1.176000E-03,-2.375000000E+00,+187.500000E-03
+1.178000E-03,-2.687500000E+00,+31.250000E-03
+1.180000E-03,-2.531250000E+00,+187.500000E-03
+1.182000E-03,-2.218750000E+00,+187.500000E-03
+1.184000E-03,-1.750000000E+00,+31.250000E-03
+1.186000E-03,-1.125000000E+00,+187.500000E-03
+1.188000E-03,-812.500000E-03,+31.250000E-03
+1.190000E-03,-656.250000E-03,+187.500000E-03
+1.192000E-03,-31.250000E-03,+187.500000E-03
+1.194000E-03,-187.500000E-03,+187.500000E-03
+1.196000E-03,-31.250000E-03,+31.250000E-03
+1.198000E-03,-187.500000E-03,+31.250000E-03
+1.200000E-03,-656.250000E-03,+31.250000E-03
+1.202000E-03,-1.437500000E+00,+187.500000E-03
+1.204000E-03,-1.750000000E+00,+187.500000E-03
+1.206000E-03,-2.062500000E+00,+187.500000E-03
+1.208000E-03,-2.062500000E+00,+31.250000E-03
+1.210000E-03,-2.062500000E+00,+31.250000E-03
+1.212000E-03,-1.750000000E+00,+31.250000E-03
+1.214000E-03,-1.437500000E+00,+31.250000E-03
+1.216000E-03,-968.750000E-03,+31.250000E-03
+1.218000E-03,-656.250000E-03,+187.500000E-03
+1.220000E-03,-343.750000E-03,+187.500000E-03
+1.222000E-03,-343.750000E-03,+187.500000E-03
+1.224000E-03,-187.500000E-03,+31.250000E-03
+1.226000E-03,-656.250000E-03,+187.500000E-03
+1.228000E-03,-968.750000E-03,+31.250000E-03
+1.230000E-03,-1.437500000E+00,+187.500000E-03
+1.232000E-03,-1.906250000E+00,+187.500000E-03
+1.234000E-03,-2.531250000E+00,+31.250000E-03
+1.236000E-03,-2.531250000E+00,+187.500000E-03
+1.238000E-03,-2.531250000E+00,+31.250000E-03
+1.240000E-03,-2.218750000E+00,+31.250000E-03
+1.242000E-03,-1.750000000E+00,+31.250000E-03
+1.244000E-03,-1.437500000E+00,+31.250000E-03
+1.246000E-03,-968.750000E-03,+187.500000E-03
+1.248000E-03,-500.000000E-03,+343.750000E-03
+1.250000E-03,-187.500000E-03,+31.250000E-03
+1.252000E-03,-31.250000E-03,+187.500000E-03
+1.254000E-03,-31.250000E-03,+187.500000E-03
+1.256000E-03,-343.750000E-03,+31.250000E-03
+1.258000E-03,-812.500000E-03,+187.500000E-03
+1.260000E-03,-1.281250000E+00,+187.500000E-03
+1.262000E-03,-1.593750000E+00,+187.500000E-03
+1.264000E-03,-2.062500000E+00,+187.500000E-03
+1.266000E-03,-2.375000000E+00,+31.250000E-03
+1.268000E-03,-2.375000000E+00,+187.500000E-03
+1.270000E-03,-2.062500000E+00,+31.250000E-03
+1.272000E-03,-1.750000000E+00,+31.250000E-03
+1.274000E-03,-1.281250000E+00,+31.250000E-03
+1.276000E-03,-812.500000E-03,+187.500000E-03
+1.278000E-03,-343.750000E-03,+187.500000E-03
+1.280000E-03,-31.250000E-03,+187.500000E-03
+1.282000E-03,-31.250000E-03,+187.500000E-03
+1.284000E-03,-31.250000E-03,+31.250000E-03
+1.286000E-03,-187.500000E-03,+187.500000E-03
+1.288000E-03,-812.500000E-03,+187.500000E-03
+1.290000E-03,-1.281250000E+00,+31.250000E-03
+1.292000E-03,-1.906250000E+00,+187.500000E-03
+1.294000E-03,-2.531250000E+00,+31.250000E-03
+1.296000E-03,-2.687500000E+00,+187.500000E-03
+1.298000E-03,-2.843750000E+00,+187.500000E-03
+1.300000E-03,-2.531250000E+00,+31.250000E-03
+1.302000E-03,-1.906250000E+00,+31.250000E-03
+1.304000E-03,-1.593750000E+00,+187.500000E-03
+1.306000E-03,-968.750000E-03,+187.500000E-03
+1.308000E-03,-343.750000E-03,+187.500000E-03
+1.310000E-03,-31.250000E-03,+31.250000E-03
+1.312000E-03,+281.250000E-03,+187.500000E-03
+1.314000E-03,+281.250000E-03,+187.500000E-03
+1.316000E-03,-343.750000E-03,+31.250000E-03
+1.318000E-03,-656.250000E-03,+31.250000E-03
+1.320000E-03,-1.125000000E+00,+187.500000E-03
+1.322000E-03,-1.750000000E+00,+31.250000E-03
+1.324000E-03,-2.531250000E+00,+31.250000E-03
+1.326000E-03,-2.843750000E+00,+31.250000E-03
+1.328000E-03,-3.000000000E+00,+31.250000E-03
+1.330000E-03,-2.531250000E+00,+187.500000E-03
+1.332000E-03,-2.218750000E+00,+31.250000E-03
+1.334000E-03,-1.593750000E+00,+187.500000E-03
+1.336000E-03,-968.750000E-03,+31.250000E-03
+1.338000E-03,-343.750000E-03,+343.750000E-03
+1.340000E-03,+281.250000E-03,+187.500000E-03
+1.342000E-03,+437.500000E-03,+187.500000E-03
+1.344000E-03,+593.750000E-03,+31.250000E-03
+1.346000E-03,+437.500000E-03,+187.500000E-03
+1.348000E-03,-343.750000E-03,+31.250000E-03
+1.350000E-03,-968.750000E-03,+31.250000E-03
+1.352000E-03,-1.906250000E+00,+187.500000E-03
+1.354000E-03,-2.375000000E+00,+31.250000E-03
+1.356000E-03,-3.000000000E+00,-125.000000E-03
+1.358000E-03,-3.312500000E+00,+31.250000E-03
+1.360000E-03,-3.312500000E+00,+187.500000E-03
+1.362000E-03,-3.000000000E+00,+31.250000E-03
+1.364000E-03,-2.218750000E+00,+187.500000E-03
+1.366000E-03,-1.593750000E+00,+31.250000E-03
+1.368000E-03,-812.500000E-03,+187.500000E-03
+1.370000E-03,-31.250000E-03,+187.500000E-03
+1.372000E-03,+593.750000E-03,+187.500000E-03
+1.374000E-03,+750.000000E-03,+31.250000E-03
+1.376000E-03,+750.000000E-03,+187.500000E-03
+1.378000E-03,+437.500000E-03,+187.500000E-03
+1.380000E-03,-187.500000E-03,+187.500000E-03
+1.382000E-03,-968.750000E-03,-125.000000E-03
+1.384000E-03,-1.906250000E+00,+187.500000E-03
+1.386000E-03,-2.687500000E+00,+31.250000E-03
+1.388000E-03,-3.312500000E+00,+31.250000E-03
+1.390000E-03,-3.468750000E+00,+31.250000E-03
+1.392000E-03,-3.312500000E+00,+31.250000E-03
+1.394000E-03,-3.000000000E+00,+31.250000E-03
+1.396000E-03,-2.062500000E+00,+187.500000E-03
+1.398000E-03,-1.593750000E+00,+187.500000E-03
+1.400000E-03,-500.000000E-03,+187.500000E-03
+1.402000E-03,+125.000000E-03,+187.500000E-03
+1.404000E-03,+593.750000E-03,+343.750000E-03
+1.406000E-03,+906.250000E-03,+187.500000E-03
+1.408000E-03,+750.000000E-03,+31.250000E-03
+1.410000E-03,+437.500000E-03,+187.500000E-03
+1.412000E-03,-343.750000E-03,+187.500000E-03
+1.414000E-03,-1.281250000E+00,+31.250000E-03
+1.416000E-03,-1.906250000E+00,+31.250000E-03
+1.418000E-03,-3.000000000E+00,+31.250000E-03
+1.420000E-03,-3.468750000E+00,+187.500000E-03
+1.422000E-03,-3.625000000E+00,+187.500000E-03
+1.424000E-03,-3.312500000E+00,+31.250000E-03
+1.426000E-03,-2.687500000E+00,+31.250000E-03
+1.428000E-03,-1.906250000E+00,+31.250000E-03
+1.430000E-03,-1.281250000E+00,+31.250000E-03
+1.432000E-03,-656.250000E-03,+31.250000E-03
+1.434000E-03,+281.250000E-03,+187.500000E-03
+1.436000E-03,+750.000000E-03,+31.250000E-03
+1.438000E-03,+906.250000E-03,+31.250000E-03
+1.440000E-03,+750.000000E-03,+187.500000E-03
+1.442000E-03,+125.000000E-03,+31.250000E-03
+1.444000E-03,-500.000000E-03,+31.250000E-03
+1.446000E-03,-1.281250000E+00,+187.500000E-03
+1.448000E-03,-2.062500000E+00,+31.250000E-03
+1.450000E-03,-2.687500000E+00,+31.250000E-03
+1.452000E-03,-3.468750000E+00,+31.250000E-03
+1.454000E-03,-3.312500000E+00,+31.250000E-03
+1.456000E-03,-3.156250000E+00,+31.250000E-03
+1.458000E-03,-2.531250000E+00,+31.250000E-03
+1.460000E-03,-1.750000000E+00,+187.500000E-03
+1.462000E-03,-1.281250000E+00,-125.000000E-03
+1.464000E-03,-500.000000E-03,+31.250000E-03
+1.466000E-03,-31.250000E-03,+31.250000E-03
+1.468000E-03,+593.750000E-03,+31.250000E-03
+1.470000E-03,+593.750000E-03,+187.500000E-03
+1.472000E-03,+593.750000E-03,+31.250000E-03
+1.474000E-03,-31.250000E-03,+31.250000E-03
+1.476000E-03,-812.500000E-03,+31.250000E-03
+1.478000E-03,-1.593750000E+00,+187.500000E-03
+1.480000E-03,-2.218750000E+00,+187.500000E-03
+1.482000E-03,-2.843750000E+00,+31.250000E-03
+1.484000E-03,-3.000000000E+00,+31.250000E-03
+1.486000E-03,-3.156250000E+00,+187.500000E-03
+1.488000E-03,-2.843750000E+00,+31.250000E-03
+1.490000E-03,-2.218750000E+00,+187.500000E-03
+1.492000E-03,-1.593750000E+00,+187.500000E-03
+1.494000E-03,-968.750000E-03,+31.250000E-03
+1.496000E-03,-343.750000E-03,+187.500000E-03
+1.498000E-03,-31.250000E-03,+31.250000E-03
+1.500000E-03,+437.500000E-03,+31.250000E-03
+1.502000E-03,+281.250000E-03,+31.250000E-03
+1.504000E-03,-31.250000E-03,+187.500000E-03
+1.506000E-03,-343.750000E-03,+187.500000E-03
+1.508000E-03,-968.750000E-03,+187.500000E-03
+1.510000E-03,-1.593750000E+00,+31.250000E-03
+1.512000E-03,-2.218750000E+00,+187.500000E-03
+1.514000E-03,-2.531250000E+00,+31.250000E-03
+1.516000E-03,-2.843750000E+00,+187.500000E-03
+1.518000E-03,-2.687500000E+00,+187.500000E-03
+1.520000E-03,-2.375000000E+00,+31.250000E-03
+1.522000E-03,-2.062500000E+00,+31.250000E-03
+1.524000E-03,-1.437500000E+00,+187.500000E-03
+1.526000E-03,-812.500000E-03,+31.250000E-03
+1.528000E-03,-343.750000E-03,+187.500000E-03
+1.530000E-03,+125.000000E-03,+31.250000E-03
+1.532000E-03,+125.000000E-03,+31.250000E-03
+1.534000E-03,-31.250000E-03,+31.250000E-03
+1.536000E-03,-343.750000E-03,+31.250000E-03
+1.538000E-03,-812.500000E-03,+31.250000E-03
+1.540000E-03,-1.281250000E+00,+31.250000E-03
+1.542000E-03,-1.906250000E+00,+187.500000E-03
+1.544000E-03,-2.218750000E+00,+187.500000E-03
+1.546000E-03,-2.531250000E+00,+187.500000E-03
+1.548000E-03,-2.375000000E+00,+31.250000E-03
+1.550000E-03,-2.218750000E+00,+31.250000E-03
+1.552000E-03,-1.750000000E+00,+187.500000E-03
+1.554000E-03,-1.437500000E+00,+187.500000E-03
+1.556000E-03,-812.500000E-03,+31.250000E-03
+1.558000E-03,-500.000000E-03,+31.250000E-03
+1.560000E-03,-187.500000E-03,+187.500000E-03
+1.562000E-03,+125.000000E-03,+187.500000E-03
+1.564000E-03,-187.500000E-03,+187.500000E-03
+1.566000E-03,-343.750000E-03,+187.500000E-03
+1.568000E-03,-812.500000E-03,+31.250000E-03
+1.570000E-03,-1.281250000E+00,+31.250000E-03
+1.572000E-03,-1.750000000E+00,+187.500000E-03
+1.574000E-03,-2.062500000E+00,+187.500000E-03
+1.576000E-03,-2.375000000E+00,+187.500000E-03
+1.578000E-03,-2.531250000E+00,+31.250000E-03
+1.580000E-03,-2.531250000E+00,-125.000000E-03
+1.582000E-03,-2.062500000E+00,+187.500000E-03
+1.584000E-03,-1.750000000E+00,+31.250000E-03
+1.586000E-03,-1.281250000E+00,+187.500000E-03
+1.588000E-03,-812.500000E-03,+31.250000E-03
+1.590000E-03,-656.250000E-03,+31.250000E-03
+1.592000E-03,-187.500000E-03,+187.500000E-03
+1.594000E-03,-187.500000E-03,+187.500000E-03
+1.596000E-03,-343.750000E-03,+31.250000E-03
+1.598000E-03,-656.250000E-03,+31.250000E-03
+1.600000E-03,-968.750000E-03,+31.250000E-03
+1.602000E-03,-1.437500000E+00,+31.250000E-03
+1.604000E-03,-1.750000000E+00,+187.500000E-03
+1.606000E-03,-2.062500000E+00,+31.250000E-03
+1.608000E-03,-2.218750000E+00,+31.250000E-03
+1.610000E-03,-2.062500000E+00,+187.500000E-03
+1.612000E-03,-1.906250000E+00,+31.250000E-03
+1.614000E-03,-1.593750000E+00,+187.500000E-03
+1.616000E-03,-1.125000000E+00,+31.250000E-03
+1.618000E-03,-812.500000E-03,+31.250000E-03
+1.620000E-03,-500.000000E-03,+187.500000E-03
+1.622000E-03,-187.500000E-03,+31.250000E-03
+1.624000E-03,-343.750000E-03,+187.500000E-03
+1.626000E-03,-343.750000E-03,+187.500000E-03
+1.628000E-03,-500.000000E-03,+187.500000E-03
+1.630000E-03,-968.750000E-03,+31.250000E-03
+1.632000E-03,-1.281250000E+00,+31.250000E-03
+1.634000E-03,-1.750000000E+00,+31.250000E-03
+1.636000E-03,-2.062500000E+00,+187.500000E-03
+1.638000E-03,-2.062500000E+00,+31.250000E-03
+1.640000E-03,-2.218750000E+00,+31.250000E-03
+1.642000E-03,-1.906250000E+00,+31.250000E-03
+1.644000E-03,-1.750000000E+00,+187.500000E-03
+1.646000E-03,-1.437500000E+00,+31.250000E-03
+1.648000E-03,-968.750000E-03,+31.250000E-03
+1.650000E-03,-812.500000E-03,+187.500000E-03
+1.652000E-03,-500.000000E-03,+31.250000E-03
+1.654000E-03,-343.750000E-03,+187.500000E-03
+1.656000E-03,-500.000000E-03,+31.250000E-03
+1.658000E-03,-656.250000E-03,+31.250000E-03
+1.660000E-03,-1.125000000E+00,+187.500000E-03
+1.662000E-03,-1.437500000E+00,+31.250000E-03
+1.664000E-03,-1.750000000E+00,+31.250000E-03
+1.666000E-03,-1.906250000E+00,+187.500000E-03
+1.668000E-03,-1.906250000E+00,+31.250000E-03
+1.670000E-03,-1.906250000E+00,+343.750000E-03
+1.672000E-03,-1.906250000E+00,+187.500000E-03
+1.674000E-03,-1.593750000E+00,+187.500000E-03
+1.676000E-03,-1.125000000E+00,+187.500000E-03
+1.678000E-03,-968.750000E-03,+187.500000E-03
+1.680000E-03,-500.000000E-03,+31.250000E-03
+1.682000E-03,-343.750000E-03,+187.500000E-03
+1.684000E-03,-343.750000E-03,+187.500000E-03
+1.686000E-03,-500.000000E-03,+187.500000E-03
+1.688000E-03,-343.750000E-03,+187.500000E-03
+1.690000E-03,-968.750000E-03,+187.500000E-03
+1.692000E-03,-1.281250000E+00,+31.250000E-03
+1.694000E-03,-1.593750000E+00,+343.750000E-03
+1.696000E-03,-1.750000000E+00,+187.500000E-03
+1.698000E-03,-1.750000000E+00,+343.750000E-03
+1.700000E-03,-1.906250000E+00,+31.250000E-03
+1.702000E-03,-1.906250000E+00,+31.250000E-03
+1.704000E-03,-1.750000000E+00,+31.250000E-03
+1.706000E-03,-1.593750000E+00,+31.250000E-03
+1.708000E-03,-1.281250000E+00,+187.500000E-03
+1.710000E-03,-812.500000E-03,+31.250000E-03
+1.712000E-03,-500.000000E-03,+31.250000E-03
+1.714000E-03,-656.250000E-03,+31.250000E-03
+1.716000E-03,-500.000000E-03,+31.250000E-03
+1.718000E-03,-812.500000E-03,+31.250000E-03
+1.720000E-03,-812.500000E-03,+187.500000E-03
+1.722000E-03,-1.125000000E+00,+31.250000E-03
+1.724000E-03,-1.593750000E+00,+343.750000E-03
+1.726000E-03,-1.750000000E+00,+343.750000E-03
+1.728000E-03,-1.906250000E+00,+187.500000E-03
+1.730000E-03,-1.906250000E+00,+187.500000E-03
+1.732000E-03,-1.750000000E+00,+187.500000E-03
+1.734000E-03,-1.593750000E+00,+31.250000E-03
+1.736000E-03,-1.281250000E+00,+31.250000E-03
+1.738000E-03,-968.750000E-03,+31.250000E-03
+1.740000E-03,-812.500000E-03,+187.500000E-03
+1.742000E-03,-500.000000E-03,+187.500000E-03
+1.744000E-03,-500.000000E-03,+31.250000E-03
+1.746000E-03,-500.000000E-03,+31.250000E-03
+1.748000E-03,-656.250000E-03,+31.250000E-03
+1.750000E-03,-968.750000E-03,+31.250000E-03
+1.752000E-03,-1.281250000E+00,+187.500000E-03
+1.754000E-03,-1.750000000E+00,+31.250000E-03
+1.756000E-03,-1.906250000E+00,+31.250000E-03
+1.758000E-03,-2.062500000E+00,+31.250000E-03
+1.760000E-03,-2.062500000E+00,+31.250000E-03
+1.762000E-03,-2.062500000E+00,+187.500000E-03
+1.764000E-03,-1.750000000E+00,+187.500000E-03
+1.766000E-03,-1.437500000E+00,+187.500000E-03
+1.768000E-03,-1.281250000E+00,+187.500000E-03
+1.770000E-03,-812.500000E-03,+31.250000E-03
+1.772000E-03,-656.250000E-03,+31.250000E-03
+1.774000E-03,-500.000000E-03,+31.250000E-03
+1.776000E-03,-500.000000E-03,+187.500000E-03
+1.778000E-03,-656.250000E-03,+187.500000E-03
+1.780000E-03,-812.500000E-03,+31.250000E-03
+1.782000E-03,-1.125000000E+00,+187.500000E-03
+1.784000E-03,-1.593750000E+00,+31.250000E-03
+1.786000E-03,-1.750000000E+00,+187.500000E-03
+1.788000E-03,-2.062500000E+00,+31.250000E-03
+1.790000E-03,-2.062500000E+00,+31.250000E-03
+1.792000E-03,-1.906250000E+00,+31.250000E-03
+1.794000E-03,-1.906250000E+00,+187.500000E-03
+1.796000E-03,-1.593750000E+00,+31.250000E-03
+1.798000E-03,-1.281250000E+00,+187.500000E-03
+1.800000E-03,-968.750000E-03,+187.500000E-03
+1.802000E-03,-656.250000E-03,+187.500000E-03
+1.804000E-03,-343.750000E-03,+187.500000E-03
+1.806000E-03,-343.750000E-03,+187.500000E-03
+1.808000E-03,-343.750000E-03,+31.250000E-03
+1.810000E-03,-500.000000E-03,+187.500000E-03
+1.812000E-03,-968.750000E-03,+187.500000E-03
+1.814000E-03,-1.281250000E+00,+187.500000E-03
+1.816000E-03,-1.593750000E+00,+187.500000E-03
+1.818000E-03,-1.906250000E+00,+187.500000E-03
+1.820000E-03,-2.218750000E+00,+187.500000E-03
+1.822000E-03,-2.062500000E+00,+187.500000E-03
+1.824000E-03,-1.906250000E+00,+187.500000E-03
+1.826000E-03,-1.750000000E+00,+31.250000E-03
+1.828000E-03,-1.593750000E+00,+187.500000E-03
+1.830000E-03,-968.750000E-03,+31.250000E-03
+1.832000E-03,-656.250000E-03,+187.500000E-03
+1.834000E-03,-656.250000E-03,+31.250000E-03
+1.836000E-03,-343.750000E-03,+31.250000E-03
+1.838000E-03,-500.000000E-03,+31.250000E-03
+1.840000E-03,-656.250000E-03,+187.500000E-03
+1.842000E-03,-812.500000E-03,+187.500000E-03
+1.844000E-03,-1.281250000E+00,+31.250000E-03
+1.846000E-03,-1.593750000E+00,+187.500000E-03
+1.848000E-03,-1.750000000E+00,+187.500000E-03
+1.850000E-03,-2.062500000E+00,+187.500000E-03
+1.852000E-03,-2.062500000E+00,+187.500000E-03
+1.854000E-03,-2.062500000E+00,+187.500000E-03
+1.856000E-03,-1.906250000E+00,-125.000000E-03
+1.858000E-03,-1.437500000E+00,+187.500000E-03
+1.860000E-03,-1.281250000E+00,+31.250000E-03
+1.862000E-03,-812.500000E-03,+187.500000E-03
+1.864000E-03,-656.250000E-03,+31.250000E-03
+1.866000E-03,-656.250000E-03,+187.500000E-03
+1.868000E-03,-343.750000E-03,+31.250000E-03
+1.870000E-03,-500.000000E-03,+31.250000E-03
+1.872000E-03,-500.000000E-03,+187.500000E-03
+1.874000E-03,-812.500000E-03,+31.250000E-03
+1.876000E-03,-1.281250000E+00,+31.250000E-03
+1.878000E-03,-1.593750000E+00,+31.250000E-03
+1.880000E-03,-1.906250000E+00,+187.500000E-03
+1.882000E-03,-1.906250000E+00,+31.250000E-03
+1.884000E-03,-1.906250000E+00,+31.250000E-03
+1.886000E-03,-1.906250000E+00,+31.250000E-03
+1.888000E-03,-1.750000000E+00,+31.250000E-03
+1.890000E-03,-1.437500000E+00,-125.000000E-03
+1.892000E-03,-1.125000000E+00,+187.500000E-03
+1.894000E-03,-656.250000E-03,+187.500000E-03
+1.896000E-03,-656.250000E-03,+31.250000E-03
+1.898000E-03,-656.250000E-03,+31.250000E-03
+1.900000E-03,-500.000000E-03,+31.250000E-03
+1.902000E-03,-500.000000E-03,+31.250000E-03
+1.904000E-03,-812.500000E-03,+187.500000E-03
+1.906000E-03,-1.125000000E+00,+31.250000E-03
+1.908000E-03,-1.593750000E+00,+187.500000E-03
+1.910000E-03,-1.750000000E+00,+31.250000E-03
+1.912000E-03,-1.906250000E+00,+187.500000E-03
+1.914000E-03,-1.906250000E+00,+187.500000E-03
+1.916000E-03,-1.906250000E+00,+187.500000E-03
+1.918000E-03,-1.593750000E+00,+31.250000E-03
+1.920000E-03,-1.593750000E+00,+187.500000E-03
+1.922000E-03,-1.125000000E+00,+31.250000E-03
+1.924000E-03,-968.750000E-03,+31.250000E-03
+1.926000E-03,-812.500000E-03,+31.250000E-03
+1.928000E-03,-656.250000E-03,+187.500000E-03
+1.930000E-03,-500.000000E-03,+31.250000E-03
+1.932000E-03,-656.250000E-03,-125.000000E-03
+1.934000E-03,-812.500000E-03,+187.500000E-03
+1.936000E-03,-968.750000E-03,+31.250000E-03
+1.938000E-03,-1.281250000E+00,+31.250000E-03
+1.940000E-03,-1.593750000E+00,+187.500000E-03
+1.942000E-03,-1.593750000E+00,+187.500000E-03
+1.944000E-03,-1.750000000E+00,+187.500000E-03
+1.946000E-03,-1.750000000E+00,+31.250000E-03
+1.948000E-03,-1.750000000E+00,+187.500000E-03
+1.950000E-03,-1.593750000E+00,+187.500000E-03
+1.952000E-03,-1.281250000E+00,+187.500000E-03
+1.954000E-03,-968.750000E-03,+31.250000E-03
+1.956000E-03,-812.500000E-03,+31.250000E-03
+1.958000E-03,-656.250000E-03,+31.250000E-03
+1.960000E-03,-812.500000E-03,+187.500000E-03
+1.962000E-03,-812.500000E-03,+187.500000E-03
+1.964000E-03,-812.500000E-03,+187.500000E-03
+1.966000E-03,-1.125000000E+00,+187.500000E-03
+1.968000E-03,-1.281250000E+00,+187.500000E-03
+1.970000E-03,-1.437500000E+00,+31.250000E-03
+1.972000E-03,-1.593750000E+00,+187.500000E-03
+1.974000E-03,-1.593750000E+00,+31.250000E-03
+1.976000E-03,-1.750000000E+00,+187.500000E-03
+1.978000E-03,-1.750000000E+00,+31.250000E-03
+1.980000E-03,-1.593750000E+00,+187.500000E-03
+1.982000E-03,-1.437500000E+00,+187.500000E-03
+1.984000E-03,-968.750000E-03,+187.500000E-03
+1.986000E-03,-968.750000E-03,+187.500000E-03
+1.988000E-03,-812.500000E-03,+31.250000E-03
+1.990000E-03,-968.750000E-03,+31.250000E-03
+1.992000E-03,-812.500000E-03,+31.250000E-03
+1.994000E-03,-968.750000E-03,+187.500000E-03
+1.996000E-03,-1.125000000E+00,+187.500000E-03
+1.998000E-03,-1.281250000E+00,+31.250000E-03
+2.000000E-03,-1.437500000E+00,-125.000000E-03
+2.002000E-03,-1.593750000E+00,+9.875000000E+00
+2.004000E-03,-1.750000000E+00,+9.875000000E+00
+2.006000E-03,-1.750000000E+00,+10.031250000E+00
+2.008000E-03,-1.593750000E+00,+10.031250000E+00
+2.010000E-03,-1.437500000E+00,+9.875000000E+00
+2.012000E-03,-1.281250000E+00,+9.875000000E+00
+2.014000E-03,-1.750000000E+00,+10.031250000E+00
+2.016000E-03,-2.218750000E+00,+9.875000000E+00
+2.018000E-03,-2.687500000E+00,+10.031250000E+00
+2.020000E-03,-2.375000000E+00,+10.500000000E+00
+2.022000E-03,-2.062500000E+00,+343.750000E-03
+2.024000E-03,-2.843750000E+00,+31.250000E-03
+2.026000E-03,-2.531250000E+00,+31.250000E-03
+2.028000E-03,-1.593750000E+00,+187.500000E-03
+2.030000E-03,-812.500000E-03,+187.500000E-03
+2.032000E-03,+906.250000E-03,+187.500000E-03
+2.034000E-03,+2.156250000E+00,+31.250000E-03
+2.036000E-03,+3.093750000E+00,+187.500000E-03
+2.038000E-03,+4.343750000E+00,+31.250000E-03
+2.040000E-03,+3.875000000E+00,+187.500000E-03
+2.042000E-03,+3.250000000E+00,+31.250000E-03
+2.044000E-03,+2.781250000E+00,+187.500000E-03
+2.046000E-03,+593.750000E-03,+187.500000E-03
+2.048000E-03,-1.437500000E+00,+31.250000E-03
+2.050000E-03,-3.781250000E+00,+187.500000E-03
+2.052000E-03,-6.750000000E+00,+187.500000E-03
+2.054000E-03,-7.531250000E+00,+31.250000E-03
+2.056000E-03,-8.000000000E+00,+31.250000E-03
+2.058000E-03,-8.156250000E+00,+31.250000E-03
+2.060000E-03,-7.531250000E+00,+187.500000E-03
+2.062000E-03,-6.125000000E+00,+31.250000E-03
+2.064000E-03,-3.468750000E+00,+187.500000E-03
+2.066000E-03,-1.281250000E+00,+31.250000E-03
+2.068000E-03,+125.000000E-03,+187.500000E-03
+2.070000E-03,+2.156250000E+00,+187.500000E-03
+2.072000E-03,+3.875000000E+00,+31.250000E-03
+2.074000E-03,+4.031250000E+00,+31.250000E-03
+2.076000E-03,+3.562500000E+00,+187.500000E-03
+2.078000E-03,+2.468750000E+00,+187.500000E-03
+2.080000E-03,+1.062500000E+00,+187.500000E-03
+2.082000E-03,-31.250000E-03,+31.250000E-03
+2.084000E-03,-1.906250000E+00,+31.250000E-03
+2.086000E-03,-3.625000000E+00,+187.500000E-03
+2.088000E-03,-4.250000000E+00,+187.500000E-03
+2.090000E-03,-4.718750000E+00,+187.500000E-03
+2.092000E-03,-3.937500000E+00,+31.250000E-03
+2.094000E-03,-3.000000000E+00,+187.500000E-03
+2.096000E-03,-2.218750000E+00,+187.500000E-03
+2.098000E-03,-968.750000E-03,+187.500000E-03
+2.100000E-03,-31.250000E-03,+31.250000E-03
+2.102000E-03,+593.750000E-03,+187.500000E-03
+2.104000E-03,+1.218750000E+00,+31.250000E-03
+2.106000E-03,+1.062500000E+00,+187.500000E-03
+2.108000E-03,+281.250000E-03,+187.500000E-03
+2.110000E-03,-500.000000E-03,+31.250000E-03
+2.112000E-03,-1.906250000E+00,+31.250000E-03
+2.114000E-03,-3.000000000E+00,+187.500000E-03
+2.116000E-03,-3.625000000E+00,+31.250000E-03
+2.118000E-03,-4.406250000E+00,+187.500000E-03
+2.120000E-03,-4.250000000E+00,+31.250000E-03
+2.122000E-03,-3.781250000E+00,+187.500000E-03
+2.124000E-03,-3.000000000E+00,+187.500000E-03
+2.126000E-03,-1.906250000E+00,+187.500000E-03
+2.128000E-03,-968.750000E-03,+187.500000E-03
+2.130000E-03,-31.250000E-03,+31.250000E-03
+2.132000E-03,+593.750000E-03,+31.250000E-03
+2.134000E-03,+906.250000E-03,+31.250000E-03
+2.136000E-03,+1.218750000E+00,+187.500000E-03
+2.138000E-03,+1.062500000E+00,+31.250000E-03
+2.140000E-03,+281.250000E-03,+31.250000E-03
+2.142000E-03,-500.000000E-03,+187.500000E-03
+2.144000E-03,-1.437500000E+00,+31.250000E-03
+2.146000E-03,-1.906250000E+00,+31.250000E-03
+2.148000E-03,-2.531250000E+00,+187.500000E-03
+2.150000E-03,-2.687500000E+00,+31.250000E-03
+2.152000E-03,-2.687500000E+00,+31.250000E-03
+2.154000E-03,-2.375000000E+00,+187.500000E-03
+2.156000E-03,-1.906250000E+00,+31.250000E-03
+2.158000E-03,-1.281250000E+00,+187.500000E-03
+2.160000E-03,-656.250000E-03,+187.500000E-03
+2.162000E-03,-343.750000E-03,+187.500000E-03
+2.164000E-03,-187.500000E-03,+187.500000E-03
+2.166000E-03,-343.750000E-03,+31.250000E-03
+2.168000E-03,-656.250000E-03,+187.500000E-03
+2.170000E-03,-1.125000000E+00,+187.500000E-03
+2.172000E-03,-1.437500000E+00,+31.250000E-03
+2.174000E-03,-1.906250000E+00,+31.250000E-03
+2.176000E-03,-2.375000000E+00,+187.500000E-03
+2.178000E-03,-2.687500000E+00,+31.250000E-03
+2.180000E-03,-2.531250000E+00,+187.500000E-03
+2.182000E-03,-2.062500000E+00,+187.500000E-03
+2.184000E-03,-1.750000000E+00,+187.500000E-03
+2.186000E-03,-1.125000000E+00,-125.000000E-03
+2.188000E-03,-812.500000E-03,+187.500000E-03
+2.190000E-03,-500.000000E-03,+31.250000E-03
+2.192000E-03,-31.250000E-03,+31.250000E-03
+2.194000E-03,-31.250000E-03,+187.500000E-03
+2.196000E-03,-187.500000E-03,+31.250000E-03
+2.198000E-03,-187.500000E-03,+187.500000E-03
+2.200000E-03,-812.500000E-03,+187.500000E-03
+2.202000E-03,-1.437500000E+00,+187.500000E-03
+2.204000E-03,-1.750000000E+00,+31.250000E-03
+2.206000E-03,-2.062500000E+00,+187.500000E-03
+2.208000E-03,-2.062500000E+00,+31.250000E-03
+2.210000E-03,-2.062500000E+00,+31.250000E-03
+2.212000E-03,-1.906250000E+00,+187.500000E-03
+2.214000E-03,-1.437500000E+00,+187.500000E-03
+2.216000E-03,-1.125000000E+00,+187.500000E-03
+2.218000E-03,-656.250000E-03,-125.000000E-03
+2.220000E-03,-343.750000E-03,+31.250000E-03
+2.222000E-03,-343.750000E-03,+31.250000E-03
+2.224000E-03,-500.000000E-03,+31.250000E-03
+2.226000E-03,-656.250000E-03,+31.250000E-03
+2.228000E-03,-968.750000E-03,+31.250000E-03
+2.230000E-03,-1.437500000E+00,+187.500000E-03
+2.232000E-03,-2.062500000E+00,+187.500000E-03
+2.234000E-03,-2.531250000E+00,+187.500000E-03
+2.236000E-03,-2.531250000E+00,+31.250000E-03
+2.238000E-03,-2.687500000E+00,+187.500000E-03
+2.240000E-03,-2.218750000E+00,+31.250000E-03
+2.242000E-03,-1.750000000E+00,+31.250000E-03
+2.244000E-03,-1.593750000E+00,+187.500000E-03
+2.246000E-03,-1.125000000E+00,+187.500000E-03
+2.248000E-03,-500.000000E-03,+31.250000E-03
+2.250000E-03,-187.500000E-03,+31.250000E-03
+2.252000E-03,+125.000000E-03,+31.250000E-03
+2.254000E-03,-31.250000E-03,+187.500000E-03
+2.256000E-03,-343.750000E-03,+187.500000E-03
+2.258000E-03,-656.250000E-03,+187.500000E-03
+2.260000E-03,-1.281250000E+00,+187.500000E-03
+2.262000E-03,-1.750000000E+00,+31.250000E-03
+2.264000E-03,-2.062500000E+00,+343.750000E-03
+2.266000E-03,-2.218750000E+00,+187.500000E-03
+2.268000E-03,-2.218750000E+00,+187.500000E-03
+2.270000E-03,-2.062500000E+00,+31.250000E-03
+2.272000E-03,-1.906250000E+00,+31.250000E-03
+2.274000E-03,-1.125000000E+00,+187.500000E-03
+2.276000E-03,-812.500000E-03,+187.500000E-03
+2.278000E-03,-343.750000E-03,+31.250000E-03
+2.280000E-03,-31.250000E-03,+343.750000E-03
+2.282000E-03,-31.250000E-03,+187.500000E-03
+2.284000E-03,-31.250000E-03,+31.250000E-03
+2.286000E-03,-343.750000E-03,+31.250000E-03
+2.288000E-03,-812.500000E-03,+31.250000E-03
+2.290000E-03,-1.437500000E+00,+31.250000E-03
+2.292000E-03,-1.906250000E+00,+31.250000E-03
+2.294000E-03,-2.531250000E+00,+187.500000E-03
+2.296000E-03,-2.843750000E+00,+31.250000E-03
+2.298000E-03,-2.687500000E+00,+31.250000E-03
+2.300000E-03,-2.375000000E+00,+31.250000E-03
+2.302000E-03,-1.906250000E+00,+187.500000E-03
+2.304000E-03,-1.593750000E+00,+187.500000E-03
+2.306000E-03,-1.125000000E+00,+31.250000E-03
+2.308000E-03,-343.750000E-03,+31.250000E-03
+2.310000E-03,+125.000000E-03,+31.250000E-03
+2.312000E-03,+281.250000E-03,+31.250000E-03
+2.314000E-03,+281.250000E-03,+187.500000E-03
+2.316000E-03,-187.500000E-03,+31.250000E-03
+2.318000E-03,-656.250000E-03,+187.500000E-03
+2.320000E-03,-1.125000000E+00,+187.500000E-03
+2.322000E-03,-1.906250000E+00,+187.500000E-03
+2.324000E-03,-2.375000000E+00,+31.250000E-03
+2.326000E-03,-2.843750000E+00,+187.500000E-03
+2.328000E-03,-2.843750000E+00,+31.250000E-03
+2.330000E-03,-2.687500000E+00,+31.250000E-03
+2.332000E-03,-2.375000000E+00,+31.250000E-03
+2.334000E-03,-1.593750000E+00,+31.250000E-03
+2.336000E-03,-968.750000E-03,+187.500000E-03
+2.338000E-03,-500.000000E-03,+31.250000E-03
+2.340000E-03,+125.000000E-03,+31.250000E-03
+2.342000E-03,+437.500000E-03,+187.500000E-03
+2.344000E-03,+593.750000E-03,+31.250000E-03
+2.346000E-03,+593.750000E-03,+31.250000E-03
+2.348000E-03,-187.500000E-03,+187.500000E-03
+2.350000E-03,-968.750000E-03,+31.250000E-03
+2.352000E-03,-1.750000000E+00,+187.500000E-03
+2.354000E-03,-2.375000000E+00,+187.500000E-03
+2.356000E-03,-3.000000000E+00,+31.250000E-03
+2.358000E-03,-3.156250000E+00,+31.250000E-03
+2.360000E-03,-3.312500000E+00,+31.250000E-03
+2.362000E-03,-2.843750000E+00,+187.500000E-03
+2.364000E-03,-2.218750000E+00,+187.500000E-03
+2.366000E-03,-1.593750000E+00,+187.500000E-03
+2.368000E-03,-812.500000E-03,+31.250000E-03
+2.370000E-03,-187.500000E-03,+187.500000E-03
+2.372000E-03,+437.500000E-03,+31.250000E-03
+2.374000E-03,+750.000000E-03,+187.500000E-03
+2.376000E-03,+750.000000E-03,+31.250000E-03
+2.378000E-03,+593.750000E-03,+31.250000E-03
+2.380000E-03,-187.500000E-03,+31.250000E-03
+2.382000E-03,-1.125000000E+00,+31.250000E-03
+2.384000E-03,-1.906250000E+00,+31.250000E-03
+2.386000E-03,-2.843750000E+00,+187.500000E-03
+2.388000E-03,-3.312500000E+00,+187.500000E-03
+2.390000E-03,-3.468750000E+00,+187.500000E-03
+2.392000E-03,-3.156250000E+00,+31.250000E-03
+2.394000E-03,-3.000000000E+00,+187.500000E-03
+2.396000E-03,-2.218750000E+00,+187.500000E-03
+2.398000E-03,-1.437500000E+00,+31.250000E-03
+2.400000E-03,-500.000000E-03,+31.250000E-03
+2.402000E-03,+125.000000E-03,+31.250000E-03
+2.404000E-03,+593.750000E-03,+187.500000E-03
+2.406000E-03,+906.250000E-03,+31.250000E-03
+2.408000E-03,+906.250000E-03,+187.500000E-03
+2.410000E-03,+125.000000E-03,+31.250000E-03
+2.412000E-03,-343.750000E-03,+31.250000E-03
+2.414000E-03,-1.125000000E+00,+187.500000E-03
+2.416000E-03,-2.062500000E+00,+31.250000E-03
+2.418000E-03,-2.843750000E+00,+187.500000E-03
+2.420000E-03,-3.312500000E+00,+187.500000E-03
+2.422000E-03,-3.468750000E+00,+187.500000E-03
+2.424000E-03,-3.156250000E+00,+187.500000E-03
+2.426000E-03,-2.687500000E+00,+187.500000E-03
+2.428000E-03,-1.906250000E+00,+31.250000E-03
+2.430000E-03,-1.437500000E+00,+31.250000E-03
+2.432000E-03,-500.000000E-03,+31.250000E-03
+2.434000E-03,+125.000000E-03,+31.250000E-03
+2.436000E-03,+750.000000E-03,+187.500000E-03
+2.438000E-03,+1.062500000E+00,+31.250000E-03
+2.440000E-03,+750.000000E-03,+187.500000E-03
+2.442000E-03,+281.250000E-03,+31.250000E-03
+2.444000E-03,-343.750000E-03,+31.250000E-03
+2.446000E-03,-1.125000000E+00,+187.500000E-03
+2.448000E-03,-2.062500000E+00,+187.500000E-03
+2.450000E-03,-2.531250000E+00,+31.250000E-03
+2.452000E-03,-3.156250000E+00,+187.500000E-03
+2.454000E-03,-3.468750000E+00,+31.250000E-03
+2.456000E-03,-3.000000000E+00,+187.500000E-03
+2.458000E-03,-2.531250000E+00,+187.500000E-03
+2.460000E-03,-1.906250000E+00,-125.000000E-03
+2.462000E-03,-1.281250000E+00,+31.250000E-03
+2.464000E-03,-500.000000E-03,+187.500000E-03
+2.466000E-03,+125.000000E-03,+31.250000E-03
+2.468000E-03,+437.500000E-03,+187.500000E-03
+2.470000E-03,+593.750000E-03,+31.250000E-03
+2.472000E-03,+593.750000E-03,+31.250000E-03
+2.474000E-03,-31.250000E-03,+31.250000E-03
+2.476000E-03,-812.500000E-03,+31.250000E-03
+2.478000E-03,-1.437500000E+00,+187.500000E-03
+2.480000E-03,-2.062500000E+00,+31.250000E-03
+2.482000E-03,-2.687500000E+00,+187.500000E-03
+2.484000E-03,-2.843750000E+00,+187.500000E-03
+2.486000E-03,-2.843750000E+00,+187.500000E-03
+2.488000E-03,-2.687500000E+00,+187.500000E-03
+2.490000E-03,-2.062500000E+00,+187.500000E-03
+2.492000E-03,-1.750000000E+00,+187.500000E-03
+2.494000E-03,-968.750000E-03,+187.500000E-03
+2.496000E-03,-500.000000E-03,+187.500000E-03
+2.498000E-03,-31.250000E-03,+343.750000E-03
+2.500000E-03,+437.500000E-03,+187.500000E-03
+2.502000E-03,+593.750000E-03,+187.500000E-03
+2.504000E-03,+125.000000E-03,+31.250000E-03
+2.506000E-03,-343.750000E-03,+31.250000E-03
+2.508000E-03,-968.750000E-03,+31.250000E-03
+2.510000E-03,-1.593750000E+00,+31.250000E-03
+2.512000E-03,-2.062500000E+00,+187.500000E-03
+2.514000E-03,-2.687500000E+00,+31.250000E-03
+2.516000E-03,-2.687500000E+00,+187.500000E-03
+2.518000E-03,-2.687500000E+00,+31.250000E-03
+2.520000E-03,-2.531250000E+00,+31.250000E-03
+2.522000E-03,-2.062500000E+00,+31.250000E-03
+2.524000E-03,-1.437500000E+00,+31.250000E-03
+2.526000E-03,-968.750000E-03,+31.250000E-03
+2.528000E-03,-187.500000E-03,+187.500000E-03
+2.530000E-03,-31.250000E-03,+31.250000E-03
+2.532000E-03,-31.250000E-03,+31.250000E-03
+2.534000E-03,-187.500000E-03,+187.500000E-03
+2.536000E-03,-500.000000E-03,+187.500000E-03
+2.538000E-03,-656.250000E-03,+187.500000E-03
+2.540000E-03,-1.281250000E+00,+187.500000E-03
+2.542000E-03,-1.750000000E+00,+31.250000E-03
+2.544000E-03,-2.062500000E+00,+187.500000E-03
+2.546000E-03,-2.531250000E+00,+187.500000E-03
+2.548000E-03,-2.531250000E+00,+187.500000E-03
+2.550000E-03,-2.062500000E+00,+31.250000E-03
+2.552000E-03,-1.750000000E+00,+31.250000E-03
+2.554000E-03,-1.437500000E+00,+31.250000E-03
+2.556000E-03,-812.500000E-03,+31.250000E-03
+2.558000E-03,-656.250000E-03,+31.250000E-03
+2.560000E-03,-187.500000E-03,+187.500000E-03
+2.562000E-03,-31.250000E-03,+31.250000E-03
+2.564000E-03,-187.500000E-03,+187.500000E-03
+2.566000E-03,-187.500000E-03,+187.500000E-03
+2.568000E-03,-812.500000E-03,+187.500000E-03
+2.570000E-03,-1.125000000E+00,+187.500000E-03
+2.572000E-03,-1.593750000E+00,+31.250000E-03
+2.574000E-03,-2.218750000E+00,+31.250000E-03
+2.576000E-03,-2.375000000E+00,+31.250000E-03
+2.578000E-03,-2.375000000E+00,+31.250000E-03
+2.580000E-03,-2.531250000E+00,+187.500000E-03
+2.582000E-03,-2.062500000E+00,+187.500000E-03
+2.584000E-03,-1.593750000E+00,+31.250000E-03
+2.586000E-03,-1.437500000E+00,+31.250000E-03
+2.588000E-03,-656.250000E-03,+187.500000E-03
+2.590000E-03,-500.000000E-03,+31.250000E-03
+2.592000E-03,-343.750000E-03,+31.250000E-03
+2.594000E-03,-187.500000E-03,+187.500000E-03
+2.596000E-03,-187.500000E-03,+31.250000E-03
+2.598000E-03,-656.250000E-03,+187.500000E-03
+2.600000E-03,-968.750000E-03,+31.250000E-03
+2.602000E-03,-1.437500000E+00,+31.250000E-03
+2.604000E-03,-1.750000000E+00,+187.500000E-03
+2.606000E-03,-2.062500000E+00,+31.250000E-03
+2.608000E-03,-2.062500000E+00,+31.250000E-03
+2.610000E-03,-2.062500000E+00,+31.250000E-03
+2.612000E-03,-2.062500000E+00,+187.500000E-03
+2.614000E-03,-1.593750000E+00,+187.500000E-03
+2.616000E-03,-1.125000000E+00,+187.500000E-03
+2.618000E-03,-968.750000E-03,-125.000000E-03
+2.620000E-03,-500.000000E-03,+31.250000E-03
+2.622000E-03,-343.750000E-03,+31.250000E-03
+2.624000E-03,-500.000000E-03,+31.250000E-03
+2.626000E-03,-343.750000E-03,+31.250000E-03
+2.628000E-03,-656.250000E-03,+343.750000E-03
+2.630000E-03,-968.750000E-03,+31.250000E-03
+2.632000E-03,-1.281250000E+00,+31.250000E-03
+2.634000E-03,-1.750000000E+00,+31.250000E-03
+2.636000E-03,-1.906250000E+00,+31.250000E-03
+2.638000E-03,-2.062500000E+00,+31.250000E-03
+2.640000E-03,-2.062500000E+00,+187.500000E-03
+2.642000E-03,-1.906250000E+00,+187.500000E-03
+2.644000E-03,-1.906250000E+00,+31.250000E-03
+2.646000E-03,-1.437500000E+00,+187.500000E-03
+2.648000E-03,-968.750000E-03,+31.250000E-03
+2.650000E-03,-968.750000E-03,+31.250000E-03
+2.652000E-03,-500.000000E-03,+31.250000E-03
+2.654000E-03,-500.000000E-03,+187.500000E-03
+2.656000E-03,-343.750000E-03,+31.250000E-03
+2.658000E-03,-656.250000E-03,+31.250000E-03
+2.660000E-03,-968.750000E-03,+31.250000E-03
+2.662000E-03,-1.437500000E+00,+187.500000E-03
+2.664000E-03,-1.593750000E+00,+31.250000E-03
+2.666000E-03,-1.906250000E+00,+31.250000E-03
+2.668000E-03,-2.062500000E+00,+31.250000E-03
+2.670000E-03,-1.906250000E+00,+31.250000E-03
+2.672000E-03,-1.906250000E+00,+31.250000E-03
+2.674000E-03,-1.593750000E+00,+31.250000E-03
+2.676000E-03,-1.281250000E+00,+31.250000E-03
+2.678000E-03,-812.500000E-03,+187.500000E-03
+2.680000E-03,-656.250000E-03,+31.250000E-03
+2.682000E-03,-500.000000E-03,+187.500000E-03
+2.684000E-03,-500.000000E-03,+31.250000E-03
+2.686000E-03,-500.000000E-03,+31.250000E-03
+2.688000E-03,-656.250000E-03,+31.250000E-03
+2.690000E-03,-968.750000E-03,+187.500000E-03
+2.692000E-03,-1.125000000E+00,+187.500000E-03
+2.694000E-03,-1.437500000E+00,+31.250000E-03
+2.696000E-03,-1.750000000E+00,+187.500000E-03
+2.698000E-03,-1.906250000E+00,+187.500000E-03
+2.700000E-03,-1.750000000E+00,+187.500000E-03
+2.702000E-03,-2.062500000E+00,+31.250000E-03
+2.704000E-03,-1.750000000E+00,+31.250000E-03
+2.706000E-03,-1.437500000E+00,+31.250000E-03
+2.708000E-03,-1.125000000E+00,+187.500000E-03
+2.710000E-03,-812.500000E-03,+187.500000E-03
+2.712000E-03,-500.000000E-03,+31.250000E-03
+2.714000E-03,-656.250000E-03,+187.500000E-03
+2.716000E-03,-656.250000E-03,+31.250000E-03
+2.718000E-03,-812.500000E-03,+187.500000E-03
+2.720000E-03,-968.750000E-03,+31.250000E-03
+2.722000E-03,-1.281250000E+00,+187.500000E-03
+2.724000E-03,-1.437500000E+00,+187.500000E-03
+2.726000E-03,-1.750000000E+00,+31.250000E-03
+2.728000E-03,-1.906250000E+00,+31.250000E-03
+2.730000E-03,-1.906250000E+00,+187.500000E-03
+2.732000E-03,-1.750000000E+00,+31.250000E-03
+2.734000E-03,-1.593750000E+00,+31.250000E-03
+2.736000E-03,-1.281250000E+00,+343.750000E-03
+2.738000E-03,-1.125000000E+00,+187.500000E-03
+2.740000E-03,-812.500000E-03,+31.250000E-03
+2.742000E-03,-500.000000E-03,+187.500000E-03
+2.744000E-03,-500.000000E-03,+187.500000E-03
+2.746000E-03,-343.750000E-03,+31.250000E-03
+2.748000E-03,-656.250000E-03,+187.500000E-03
+2.750000E-03,-968.750000E-03,+187.500000E-03
+2.752000E-03,-1.437500000E+00,+187.500000E-03
+2.754000E-03,-1.437500000E+00,+187.500000E-03
+2.756000E-03,-1.750000000E+00,+187.500000E-03
+2.758000E-03,-1.906250000E+00,+31.250000E-03
+2.760000E-03,-2.062500000E+00,+31.250000E-03
+2.762000E-03,-1.906250000E+00,+31.250000E-03
+2.764000E-03,-1.750000000E+00,+31.250000E-03
+2.766000E-03,-1.593750000E+00,+187.500000E-03
+2.768000E-03,-1.125000000E+00,+31.250000E-03
+2.770000E-03,-812.500000E-03,+187.500000E-03
+2.772000E-03,-656.250000E-03,+187.500000E-03
+2.774000E-03,-656.250000E-03,+187.500000E-03
+2.776000E-03,-500.000000E-03,+31.250000E-03
+2.778000E-03,-656.250000E-03,+31.250000E-03
+2.780000E-03,-968.750000E-03,+31.250000E-03
+2.782000E-03,-1.125000000E+00,+31.250000E-03
+2.784000E-03,-1.593750000E+00,+187.500000E-03
+2.786000E-03,-1.750000000E+00,+31.250000E-03
+2.788000E-03,-1.906250000E+00,+31.250000E-03
+2.790000E-03,-2.062500000E+00,+31.250000E-03
+2.792000E-03,-1.906250000E+00,+187.500000E-03
+2.794000E-03,-1.906250000E+00,+31.250000E-03
+2.796000E-03,-1.593750000E+00,+31.250000E-03
+2.798000E-03,-1.281250000E+00,+31.250000E-03
+2.800000E-03,-812.500000E-03,+31.250000E-03
+2.802000E-03,-812.500000E-03,+31.250000E-03
+2.804000E-03,-500.000000E-03,+31.250000E-03
+2.806000E-03,-187.500000E-03,+31.250000E-03
+2.808000E-03,-343.750000E-03,+31.250000E-03
+2.810000E-03,-500.000000E-03,+31.250000E-03
+2.812000E-03,-812.500000E-03,+31.250000E-03
+2.814000E-03,-1.281250000E+00,+31.250000E-03
+2.816000E-03,-1.593750000E+00,+31.250000E-03
+2.818000E-03,-1.906250000E+00,+187.500000E-03
+2.820000E-03,-2.062500000E+00,-125.000000E-03
+2.822000E-03,-2.062500000E+00,+31.250000E-03
+2.824000E-03,-1.750000000E+00,+343.750000E-03
+2.826000E-03,-1.593750000E+00,+187.500000E-03
+2.828000E-03,-1.437500000E+00,+187.500000E-03
+2.830000E-03,-1.125000000E+00,+31.250000E-03
+2.832000E-03,-812.500000E-03,+187.500000E-03
+2.834000E-03,-656.250000E-03,+31.250000E-03
+2.836000E-03,-500.000000E-03,+187.500000E-03
+2.838000E-03,-343.750000E-03,+187.500000E-03
+2.840000E-03,-500.000000E-03,+31.250000E-03
+2.842000E-03,-812.500000E-03,+187.500000E-03
+2.844000E-03,-1.125000000E+00,+187.500000E-03
+2.846000E-03,-1.593750000E+00,+187.500000E-03
+2.848000E-03,-1.750000000E+00,+187.500000E-03
+2.850000E-03,-2.062500000E+00,+31.250000E-03
+2.852000E-03,-2.062500000E+00,+187.500000E-03
+2.854000E-03,-2.062500000E+00,+187.500000E-03
+2.856000E-03,-1.750000000E+00,+187.500000E-03
+2.858000E-03,-1.593750000E+00,+187.500000E-03
+2.860000E-03,-1.281250000E+00,+31.250000E-03
+2.862000E-03,-812.500000E-03,+187.500000E-03
+2.864000E-03,-656.250000E-03,+187.500000E-03
+2.866000E-03,-500.000000E-03,+31.250000E-03
+2.868000E-03,-343.750000E-03,-125.000000E-03
+2.870000E-03,-656.250000E-03,+187.500000E-03
+2.872000E-03,-656.250000E-03,+31.250000E-03
+2.874000E-03,-968.750000E-03,+31.250000E-03
+2.876000E-03,-1.281250000E+00,+187.500000E-03
+2.878000E-03,-1.593750000E+00,+31.250000E-03
+2.880000E-03,-1.750000000E+00,+31.250000E-03
+2.882000E-03,-2.062500000E+00,+187.500000E-03
+2.884000E-03,-1.906250000E+00,+31.250000E-03
+2.886000E-03,-1.906250000E+00,+187.500000E-03
+2.888000E-03,-1.750000000E+00,+31.250000E-03
+2.890000E-03,-1.593750000E+00,+187.500000E-03
+2.892000E-03,-1.125000000E+00,+31.250000E-03
+2.894000E-03,-812.500000E-03,+31.250000E-03
+2.896000E-03,-500.000000E-03,+187.500000E-03
+2.898000E-03,-500.000000E-03,+31.250000E-03
+2.900000E-03,-656.250000E-03,+31.250000E-03
+2.902000E-03,-812.500000E-03,+31.250000E-03
+2.904000E-03,-968.750000E-03,+187.500000E-03
+2.906000E-03,-1.125000000E+00,+31.250000E-03
+2.908000E-03,-1.437500000E+00,+187.500000E-03
+2.910000E-03,-1.750000000E+00,+187.500000E-03
+2.912000E-03,-1.750000000E+00,+187.500000E-03
+2.914000E-03,-1.906250000E+00,+31.250000E-03
+2.916000E-03,-1.750000000E+00,+187.500000E-03
+2.918000E-03,-1.750000000E+00,+187.500000E-03
+2.920000E-03,-1.593750000E+00,+31.250000E-03
+2.922000E-03,-1.281250000E+00,+31.250000E-03
+2.924000E-03,-812.500000E-03,+31.250000E-03
+2.926000E-03,-812.500000E-03,+187.500000E-03
+2.928000E-03,-812.500000E-03,+31.250000E-03
+2.930000E-03,-500.000000E-03,+187.500000E-03
+2.932000E-03,-656.250000E-03,+187.500000E-03
+2.934000E-03,-812.500000E-03,+187.500000E-03
+2.936000E-03,-968.750000E-03,+187.500000E-03
+2.938000E-03,-1.281250000E+00,+31.250000E-03
+2.940000E-03,-1.437500000E+00,+187.500000E-03
+2.942000E-03,-1.750000000E+00,+31.250000E-03
+2.944000E-03,-1.750000000E+00,+31.250000E-03
+2.946000E-03,-1.750000000E+00,+187.500000E-03
+2.948000E-03,-1.750000000E+00,+31.250000E-03
+2.950000E-03,-1.437500000E+00,+187.500000E-03
+2.952000E-03,-1.281250000E+00,+187.500000E-03
+2.954000E-03,-1.125000000E+00,+187.500000E-03
+2.956000E-03,-968.750000E-03,+31.250000E-03
+2.958000E-03,-812.500000E-03,+31.250000E-03
+2.960000E-03,-812.500000E-03,+31.250000E-03
+2.962000E-03,-812.500000E-03,+31.250000E-03
+2.964000E-03,-812.500000E-03,+31.250000E-03
+2.966000E-03,-1.125000000E+00,+187.500000E-03
+2.968000E-03,-1.125000000E+00,+187.500000E-03
+2.970000E-03,-1.593750000E+00,+187.500000E-03
+2.972000E-03,-1.750000000E+00,+187.500000E-03
+2.974000E-03,-1.750000000E+00,+187.500000E-03
+2.976000E-03,-1.750000000E+00,+187.500000E-03
+2.978000E-03,-1.750000000E+00,+31.250000E-03
